date;India;France;US;Germany
2020-01-22;0;0;1;0
2020-01-23;0;0;1;0
2020-01-24;0;2;2;0
2020-01-25;0;3;2;0
2020-01-26;0;3;5;0
2020-01-27;0;3;5;1
2020-01-28;0;4;5;4
2020-01-29;0;5;6;4
2020-01-30;1;5;6;4
2020-01-31;1;5;8;5
2020-02-01;1;6;8;8
2020-02-02;2;6;8;10
2020-02-03;3;6;11;12
2020-02-04;3;6;11;12
2020-02-05;3;6;11;12
2020-02-06;3;6;12;12
2020-02-07;3;6;12;13
2020-02-08;3;11;12;13
2020-02-09;3;11;12;14
2020-02-10;3;11;12;14
2020-02-11;3;11;13;16
2020-02-12;3;11;13;16
2020-02-13;3;11;14;16
2020-02-14;3;11;14;16
2020-02-15;3;12;14;16
2020-02-16;3;12;14;16
2020-02-17;3;12;14;16
2020-02-18;3;12;14;16
2020-02-19;3;12;14;16
2020-02-20;3;12;14;16
2020-02-21;3;12;16;16
2020-02-22;3;12;16;16
2020-02-23;3;12;16;16
2020-02-24;3;12;16;16
2020-02-25;3;14;16;16
2020-02-26;3;18;16;21
2020-02-27;3;38;17;26
2020-02-28;3;57;17;53
2020-02-29;3;100;25;66
2020-03-01;3;130;32;117
2020-03-02;5;191;55;150
2020-03-03;5;212;74;188
2020-03-04;28;288;107;240
2020-03-05;30;426;184;349
2020-03-06;31;616;237;534
2020-03-07;34;948;403;684
2020-03-08;39;1125;519;847
2020-03-09;43;1411;594;1112
2020-03-10;56;1783;782;1296
2020-03-11;62;2293;1147;1567
2020-03-12;73;2293;1586;2369
2020-03-13;82;3681;2219;3062
2020-03-14;102;4496;2978;3795
2020-03-15;113;4532;3212;4838
2020-03-16;119;6683;4679;6012
2020-03-17;142;7715;6512;7156
2020-03-18;156;9124;9169;8198
2020-03-19;194;10970;13663;10999
2020-03-20;244;12758;20030;13957
2020-03-21;330;14463;26025;16662
2020-03-22;396;16761;34944;18610
2020-03-23;499;20120;46096;22672
2020-03-24;536;22372;56714;27436
2020-03-25;657;25331;68841;31554
2020-03-26;727;29252;86662;36508
2020-03-27;887;33045;105253;42288
2020-03-28;987;37693;127417;48582
2020-03-29;1024;40296;143544;52547
2020-03-30;1251;44645;165698;57298
2020-03-31;1397;52281;192079;61913
2020-04-01;1998;57125;223254;67366
2020-04-02;2543;59227;255530;73522
2020-04-03;2567;64452;287931;79696
2020-04-04;3082;47376;319776;85778
2020-04-05;3588;48225;349016;91714
2020-04-06;4778;50884;380798;95391
2020-04-07;5311;47395;410834;99225
2020-04-08;5916;51250;441897;103228
2020-04-09;6725;55034;477507;108202
2020-04-10;7598;56600;511790;113525
2020-04-11;8446;58045;540714;117658
2020-04-12;9205;108792;567022;120479
2020-04-13;10453;111933;594165;123016
2020-04-14;11487;129381;622493;125098
2020-04-15;12322;132588;648390;127584
2020-04-16;13430;145166;678028;130450
2020-04-17;14352;147057;711135;133830
2020-04-18;15722;150861;738464;137439
2020-04-19;17615;151955;763886;139897
2020-04-20;18539;154402;793970;141672
2020-04-21;20080;157068;820045;143457
2020-04-22;21370;158867;849926;145694
2020-04-23;23077;157158;881891;148046
2020-04-24;24530;159969;913856;150383
2020-04-25;26283;161647;944770;152438
2020-04-26;27890;162280;970741;154175
2020-04-27;29451;165966;995391;155193
2020-04-28;31324;169098;1019964;156337
2020-04-29;33062;167643;1046816;157641
2020-04-30;34863;168861;1076518;159119
2020-05-01;37257;169387;1111410;160758
2020-05-02;39699;170179;1138174;161703
2020-05-03;42505;170540;1161907;162496
2020-05-04;46437;171102;1185709;163175
2020-05-05;49400;172219;1209727;163860
2020-05-06;52987;176355;1234209;164807
2020-05-07;56351;177096;1261948;166091
2020-05-08;59695;177627;1289131;167300
2020-05-09;62808;178155;1313585;168551
2020-05-10;67161;178404;1332332;169218
2020-05-11;70768;178719;1351409;169575
2020-05-12;74292;179472;1374790;170508
2020-05-13;78055;179993;1394805;171306
2020-05-14;81997;180635;1420695;172239
2020-05-15;85784;181148;1445546;173152
2020-05-16;90648;181563;1469596;173772
2020-05-17;95698;181703;1488325;174355
2020-05-18;100328;182147;1510633;174697
2020-05-19;106475;182648;1531136;175210
2020-05-20;112028;183129;1553962;176007
2020-05-21;118226;183396;1579114;176752
2020-05-22;124794;184152;1602943;177212
2020-05-23;131423;184698;1623132;177850
2020-05-24;138536;184259;1643306;178281
2020-05-25;144950;184584;1662400;178570
2020-05-26;150793;184839;1681126;179002
2020-05-27;158086;185012;1699889;179364
2020-05-28;165386;188355;1721156;179717
2020-05-29;173491;188949;1746238;180458
2020-05-30;181827;190743;1769318;181196
2020-05-31;190609;190975;1788237;181482
2020-06-01;198370;191382;1806077;181815
2020-06-02;207191;190735;1826167;182028
2020-06-03;216824;187509;1845323;182370
2020-06-04;226713;191869;1873257;182764
2020-06-05;236184;192450;1899697;183271
2020-06-06;246622;193022;1919966;183678
2020-06-07;257486;193363;1937792;183979
2020-06-08;265928;193637;1954692;184193
2020-06-09;276146;194190;1975013;184543
2020-06-10;286605;194815;1996731;184861
2020-06-11;297535;195179;2019009;185416
2020-06-12;308993;195980;2044567;185674
2020-06-13;320922;196477;2068724;186022
2020-06-14;332424;196867;2087625;186269
2020-06-15;343091;197003;2108624;186461
2020-06-16;354065;197666;2133173;186839
2020-06-17;366946;198155;2160223;187184
2020-06-18;380532;198741;2188450;187764
2020-06-19;395048;199528;2219504;188534
2020-06-20;410451;200147;2251330;189135
2020-06-21;425282;200490;2277166;189822
2020-06-22;440215;200632;2306967;190359
2020-06-23;456183;201330;2345696;190862
2020-06-24;473105;201598;2381947;191449
2020-06-25;490401;201853;2421246;192079
2020-06-26;508953;203116;2470292;192556
2020-06-27;528859;203564;2511046;193243
2020-06-28;548318;203157;2553971;193499
2020-06-29;566840;203802;2595266;193761
2020-06-30;585481;204244;2645090;194259
2020-07-01;604641;205234;2694213;194725
2020-07-02;625544;205773;2749156;195228
2020-07-03;648315;206312;2800660;195674
2020-07-04;673165;206670;2846606;196096
2020-07-05;697413;206682;2900334;196335
2020-07-06;719664;207700;2943499;196554
2020-07-07;742417;208154;3000730;196944
2020-07-08;767296;208976;3061036;197341
2020-07-09;793802;209420;3120692;197783
2020-07-10;820916;210135;3189551;198178
2020-07-11;849522;210386;3249990;198556
2020-07-12;878254;210402;3310122;198804
2020-07-13;906752;211825;3369486;198963
2020-07-14;936181;211887;3435148;199375
2020-07-15;968857;212614;3501174;199726
2020-07-16;1003832;213183;3571988;200260
2020-07-17;1039084;214009;3638460;200843
2020-07-18;1077781;214174;3702782;201372
2020-07-19;1118206;214178;3761714;201574
2020-07-20;1155338;216089;3822377;201823
2020-07-21;1193078;216684;3890571;202345
2020-07-22;1238798;217605;3958116;202799
2020-07-23;1288108;218841;4026001;203368
2020-07-24;1337024;219932;4101148;204183
2020-07-25;1385635;220016;4165348;204964
2020-07-26;1435616;220020;4221187;205269
2020-07-27;1480073;222508;4280911;205609
2020-07-28;1531669;223072;4345741;206242
2020-07-29;1581963;224542;4409869;206926
2020-07-30;1634746;225936;4479110;207828
2020-07-31;1695988;227239;4543686;208698
2020-08-01;1750723;227301;4601264;209653
2020-08-02;1803695;227304;4648373;209893
2020-08-03;1855745;230665;4690057;210402
2020-08-04;1908254;231636;4751714;211281
2020-08-05;1964536;233344;4806062;212022
2020-08-06;2027074;234945;4866241;213067
2020-08-07;2088611;237332;4926828;214214
2020-08-08;2153010;237402;4990761;215336
2020-08-09;2215074;237408;5045028;215891
2020-08-10;2268675;242168;5096645;216327
2020-08-11;2329638;243576;5153600;217293
2020-08-12;2396637;246180;5208844;218519
2020-08-13;2461190;248850;5260500;219964
2020-08-14;2525922;251764;5330625;221413
2020-08-15;2589952;254974;5383019;222828
2020-08-16;2647663;257994;5417681;223453
2020-08-17;2702681;258629;5455530;224014
2020-08-18;2767253;260748;5500432;225404
2020-08-19;2836925;264535;5546315;226914
2020-08-20;2905825;269335;5591443;228621
2020-08-21;2975701;274289;5639034;230048
2020-08-22;3044940;277763;5684707;232082
2020-08-23;3106348;282498;5716618;232864
2020-08-24;3167323;284474;5750541;233575
2020-08-25;3224547;288067;5793214;234853
2020-08-26;3310234;288354;5835287;236429
2020-08-27;3387500;299580;5885805;237936
2020-08-28;3463972;307205;5932275;239507
2020-08-29;3542733;312665;5975378;240986
2020-08-30;3621245;318047;6009509;241771
2020-08-31;3691166;321160;6042871;242381
2020-09-01;3769523;326264;6084849;243599
2020-09-02;3853406;333351;6124810;244855
2020-09-03;3936747;340473;6169951;246166
2020-09-04;4023179;349333;6218285;247619
2020-09-05;4113811;357927;6261908;248997
2020-09-06;4204613;364943;6291027;249985
2020-09-07;4280422;369209;6315590;250799
2020-09-08;4370128;375947;6342334;252298
2020-09-09;4465863;384546;6375972;253474
2020-09-10;4562414;394308;6415420;255366
2020-09-11;4659984;403837;6460043;256850
2020-09-12;4754356;415174;6505626;258480
2020-09-13;4846427;421519;6545917;259428
2020-09-14;4930236;427839;6578481;260355
2020-09-15;5020359;435665;6615659;261762
2020-09-16;5118253;445932;6653951;263663
2020-09-17;5214677;456171;6699270;265857
2020-09-18;5308014;469404;6749454;267773
2020-09-19;5400619;482964;6795232;270070
2020-09-20;5487580;493500;6836842;271415
2020-09-21;5562663;499039;6868885;272337
2020-09-22;5646010;509123;6907156;274158
2020-09-23;5732518;522355;6948276;275927
2020-09-24;5818570;538264;6997159;278070
2020-09-25;5903932;554368;7044295;280223
2020-09-26;5992532;568588;7087842;282730
2020-09-27;6074702;579223;7121621;284140
2020-09-28;6145291;583522;7159361;285332
2020-09-29;6225763;591527;7201394;287421
2020-09-30;6312584;605893;7240025;289219
2020-10-01;6394068;618918;7286269;291722
2020-10-02;6473544;631354;7339712;294395
2020-10-03;6549373;647868;7388993;296958
2020-10-04;6623815;660372;7422124;299237
2020-10-05;6685082;666011;7459481;300619
2020-10-06;6757131;677321;7504026;303258
2020-10-07;6835655;696274;7553163;306086
2020-10-08;6906151;713676;7611053;310144
2020-10-09;6979423;734707;7666132;314660
2020-10-10;7053806;761384;7721498;319381
2020-10-11;7120538;777378;7768398;322864
2020-10-12;7175880;786590;7810478;325331
2020-10-13;7239389;800216;7860601;329453
2020-10-14;7307097;823181;7919043;334585
2020-10-15;7370468;852938;7982580;341223
2020-10-16;7432680;878572;8052754;348557
2020-10-17;7494551;910711;8107586;356387
2020-10-18;7550273;940548;8159756;361974
2020-10-19;7597063;954838;8227638;366299
2020-10-20;7651107;975214;8289375;373167
2020-10-21;7706946;1002624;8350081;380762
2020-10-22;7761312;1043437;8429703;392049
2020-10-23;7814682;1086286;8511363;403291
2020-10-24;7864811;1131551;8589738;418005
2020-10-25;7909959;1138167;8650713;429181
2020-10-26;7946429;1211177;8715277;437866
2020-10-27;7990322;1245635;8792500;449275
2020-10-28;8040203;1283185;8878977;464239
2020-10-29;8088851;1329821;8970270;481013
2020-10-30;8137119;1379295;9070119;499694
2020-10-31;8184082;1414396;9157462;518753
2020-11-01;8229313;1460575;9235292;532930
2020-11-02;8267623;1566666;9317099;545027
2020-11-03;8313876;1639267;9441865;560379
2020-11-04;8364086;1593146;9542127;577593
2020-11-05;8411724;1650966;9670208;597583
2020-11-06;8462080;1711918;9797264;619089
2020-11-07;8507754;1798573;9924328;642488
2020-11-08;8553657;1837135;10044001;658505
2020-11-09;8591730;1858559;10160957;671868
2020-11-10;8636011;1881172;10297509;687200
2020-11-11;8683916;1917578;10445191;705687
2020-11-12;8728795;1950136;10603987;727553
2020-11-13;8773479;1974271;10783505;751095
2020-11-14;8814579;2006228;10947555;773556
2020-11-15;8845127;2033420;11087270;790503
2020-11-16;8874290;2043470;11240358;801327
2020-11-17;8912907;2089073;11405005;815746
2020-11-18;8958483;2117917;11576974;833307
2020-11-19;9004365;2138706;11769275;855916
2020-11-20;9050597;2161970;11970944;879564
2020-11-21;9095806;2179640;12150764;902528
2020-11-22;9139865;2192770;12297351;918269
2020-11-23;9177840;2197832;12478863;929133
2020-11-24;9222216;2207753;12652425;942687
2020-11-25;9266705;2224508;12832637;961320
2020-11-26;9309787;2237509;12949887;983588
2020-11-27;9351109;2250283;13164521;1006394
2020-11-28;9392919;2262760;13332745;1028089
2020-11-29;9431691;2272523;13473097;1042700
2020-11-30;9462809;2276830;13628010;1053869
2020-12-01;9499413;2285273;13825126;1067473
2020-12-02;9534964;2299501;14021289;1084743
2020-12-03;9571559;2312288;14241511;1106789
2020-12-04;9608211;2323799;14476881;1130238
2020-12-05;9644222;2336681;14698891;1153556
2020-12-06;9677203;2347630;14878215;1171323
2020-12-07;9703770;2351041;15073675;1183655
2020-12-08;9735850;2365085;15300732;1197709
2020-12-09;9767371;2379760;15516739;1218524
2020-12-10;9796744;2393632;15753683;1242203
2020-12-11;9826775;2407121;15992585;1272078
2020-12-12;9857029;2421068;16217120;1300516
2020-12-13;9884100;2432601;16408717;1320716
2020-12-14;9906165;2435793;16618545;1337078
2020-12-15;9932547;2447518;16844860;1351510
2020-12-16;9956557;2465238;17079664;1379238
2020-12-17;9979447;2483636;17319910;1406161
2020-12-18;10004599;2499511;17567856;1439938
2020-12-19;10031223;2516939;17773707;1471238
2020-12-20;10055560;2529797;17960902;1494009
2020-12-21;10075116;2535757;18157760;1510652
2020-12-22;10099066;2547618;18363690;1530180
2020-12-23;10123778;2562604;18585131;1554920
2020-12-24;10146845;2584322;18798079;1587115
2020-12-25;10169118;2604584;18925257;1612648
2020-12-26;10187850;2607677;19142697;1627103
2020-12-27;10207871;2616544;19278658;1640858
2020-12-28;10224303;2619650;19451960;1651834
2020-12-29;10244852;2631144;19657932;1664726
2020-12-30;10266674;2657658;19876229;1687185
2020-12-31;10286709;2677660;20191317;1719737
2021-01-01;10305788;2697018;20370219;1742661
2021-01-02;10323965;2700484;20642498;1755351
2021-01-03;10340469;2712975;20845899;1765666
2021-01-04;10356844;2717059;21031401;1775513
2021-01-05;10374932;2737892;21264264;1787410
2021-01-06;10395278;2763078;21524025;1808647
2021-01-07;10413417;2784845;21810269;1835038
2021-01-08;10413417;2804705;22114335;1866887
2021-01-09;10450284;2824882;22379073;1891581
2021-01-10;10466595;2840826;22589916;1908527
2021-01-11;10479179;2844642;22793880;1921024
2021-01-12;10495147;2864399;23015693;1933826
2021-01-13;10512093;2888331;23245023;1953426
2021-01-14;10527683;2909666;23480601;1978590
2021-01-15;10542841;2930983;23725599;2000958
2021-01-16;10557985;2952392;23943288;2019636
2021-01-17;10571773;2969034;24119842;2033518
2021-01-18;10581823;2972832;24260670;2040659
2021-01-19;10595639;2996855;24417565;2052028
2021-01-20;10610883;3023613;24604947;2068002
2021-01-21;10625428;3046323;24797500;2088400
2021-01-22;10639684;3069647;24989275;2106262
2021-01-23;10654533;3093740;25167450;2122679
2021-01-24;10667736;3112176;25307594;2134936
2021-01-25;10676838;3116477;25437194;2141665
2021-01-26;10689527;3138619;25588202;2148077
2021-01-27;10701193;3165570;25743658;2161275
2021-01-28;10720048;3189378;25910418;2178828
2021-01-29;10733130;3212613;26074161;2192850
2021-01-30;10746174;3236658;26225101;2205171
2021-01-31;10757610;3255994;26337959;2216363
2021-02-01;10766245;3260382;26463273;2221971
2021-02-02;10777284;3283719;26580303;2228085
2021-02-03;10790183;3310125;26704675;2237790
2021-02-04;10802591;3310145;26829704;2252001
2021-02-05;10814304;3355752;26960815;2264909
2021-02-06;10826363;3376340;27077675;2275394
2021-02-07;10838194;3396055;27167104;2284010
2021-02-08;10847304;3400398;27249903;2288545
2021-02-09;10858371;3419418;27345284;2291924
2021-02-10;10871294;3444827;27440567;2299996
2021-02-11;10880603;3465903;27547339;2310233
2021-02-12;10892746;3486612;27647919;2320093
2021-02-13;10904940;3507843;27738677;2328447
2021-02-14;10916589;3524518;27806985;2334561
2021-02-15;10925710;3528924;27862433;2338987
2021-02-16;10937320;3548520;27921655;2342843
2021-02-17;10950201;3573560;27990500;2350399
2021-02-18;10963394;3596078;28063080;2360606
2021-02-19;10977387;3620205;28138238;2369719
2021-02-20;10991651;3642576;28212021;2378883
2021-02-21;11005850;3664622;28267286;2386559
2021-02-22;11016434;3669276;28322769;2390928
2021-02-23;11030176;3689469;28396629;2394811
2021-02-24;11046914;3720996;28471654;2402818
2021-02-25;11063491;3746410;28548933;2414687
2021-02-26;11079979;3771626;28624353;2424684
2021-02-27;11096731;3795736;28695642;2434446
2021-02-28;11112241;3815688;28747406;2442336
2021-03-01;11124527;3820418;28797846;2447068
2021-03-02;11139516;3843290;28856264;2451011
2021-03-03;11156923;3870101;28923315;2460030
2021-03-04;11173761;3895387;28992258;2471942
2021-03-05;11192045;3918894;29060137;2482522
2021-03-06;11210799;3942286;29121168;2492079
2021-03-07;11229398;3964121;29162779;2500182
2021-03-08;11244786;3969673;29206871;2505193
2021-03-09;11262707;3992853;29262374;2509445
2021-03-10;11285561;4022514;29320146;2518591
2021-03-11;11308846;4050606;29381936;2532947
2021-03-12;11333728;4075681;29444539;2545781
2021-03-13;11359048;4105444;29501359;2558455
2021-03-14;11385339;4131895;29540633;2569245
2021-03-15;11409831;4138369;29591666;2575849
2021-03-16;11438734;4168396;29645733;2581329
2021-03-17;11474605;4206916;29705007;2594764
2021-03-18;11514331;4241990;29767397;2612268
2021-03-19;11555284;4277108;29829029;2629750
2021-03-20;11599130;4312451;29887896;2645783
2021-03-21;11646081;4343115;29923274;2659516
2021-03-22;11686796;4358924;29970698;2667225
2021-03-23;11734058;4373620;30023556;2674710
2021-03-24;11787534;4439011;30111312;2690523
2021-03-25;11846652;4484672;30178939;2713180
2021-03-26;11908910;4526554;30255309;2734753
2021-03-27;11971624;4569179;30319364;2755225
2021-03-28;12039644;4606307;30365684;2772401
2021-03-29;12095855;4615413;30431556;2782273
2021-03-30;12149335;4646136;30493246;2791822
2021-03-31;12221665;4705186;30562776;2808873
2021-04-01;12303131;4755862;30639632;2833173
2021-04-02;12392260;4802545;30713656;2855061
2021-04-03;12485509;4802711;30778536;2873190
2021-04-04;12589067;4883346;30816459;2885386
2021-04-05;12686049;4894139;30883546;2893883
2021-04-06;12801785;4902195;30946372;2900768
2021-04-07;12928574;4903122;31022149;2910445
2021-04-08;13060542;5000155;31102215;2930852
2021-04-09;13205926;5000319;31186968;2956316
2021-04-10;13358805;5001723;31257503;2980413
2021-04-11;13527717;5119625;31304959;2998268
2021-04-12;13689453;5128175;31367142;3011513
2021-04-13;13873825;5167305;31447983;3022323
2021-04-14;14074564;5210812;31523587;3044016
2021-04-15;14291917;5248857;31597569;3073442
2021-04-16;14526609;5285307;31681042;3099273
2021-04-17;14788003;5321180;31736529;3123077
2021-04-18;15061805;5350558;31780358;3142262
2021-04-19;15320972;5357266;31838904;3153699
2021-04-20;15616130;5401341;31901344;3163308
2021-04-21;15930774;5436265;31965690;3188192
2021-04-22;16263695;5469669;32032409;3217710
2021-04-23;16610481;5502009;32095304;3245253
2021-04-24;16960172;5534651;32150276;3268645
2021-04-25;17313163;5559156;32185044;3287418
2021-04-26;17636186;5565113;32227331;3299325
2021-04-27;17997113;5595437;32279613;3310301
2021-04-28;18376421;5626979;32334799;3332532
2021-04-29;18762976;5653526;32393625;3357268
2021-04-30;19164969;5677829;32451727;3381597
2021-05-01;19557457;5703499;32500503;3400532
2021-05-02;19925517;5713420;32531059;3416822
2021-05-03;20282833;5717187;32575681;3425982
2021-05-04;20664979;5741564;32618576;3433516
2021-05-05;21077410;5767568;32664619;3451550
2021-05-06;21491598;5789281;32710798;3473503
2021-05-07;21892676;5808420;32759213;3491988
2021-05-08;22296081;5829199;32794868;3507673
2021-05-09;22662575;5838327;32817738;3520329
2021-05-10;22992517;5841626;32850114;3527251
2021-05-11;23340938;5861417;32885592;3533376
2021-05-12;23703665;5882915;32921743;3548285
2021-05-13;24046809;5902376;32960479;3565704
2021-05-14;24372907;5909419;33002696;3577040
2021-05-15;24684077;5925104;33033453;3584934
2021-05-16;24965463;5939130;33051145;3593434
2021-05-17;25228996;5942481;33076388;3598846
2021-05-18;25496330;5959704;33105303;3603055
2021-05-19;25772440;5978761;33134908;3614095
2021-05-20;26031991;5629921;33165125;3626393
2021-05-21;26289290;5642724;33193950;3635162
2021-05-22;26530132;5655335;33215163;3642244
2021-05-23;26752447;5665101;33228947;3648958
2021-05-24;26948874;5667331;33250819;3651640
2021-05-25;27157795;5670486;33275409;3653551
2021-05-26;27369093;5683143;33300005;3656177
2021-05-27;27555457;5697076;33326846;3662490
2021-05-28;27729247;5708350;33349088;3669870
2021-05-29;27894800;5719877;33362399;3675296
2021-05-30;28047534;5728539;33369753;3679148
2021-05-31;28175044;5728909;33376028;3681126
2021-06-01;28307832;5738762;33396881;3682911
2021-06-02;28441986;5740116;33413594;3687828
2021-06-03;28574350;5755675;33431990;3692468
2021-06-04;28694879;5762633;33449855;3695633
2021-06-05;28809339;5769287;33465459;3697927
2021-06-06;28909975;5774467;33471475;3700367
2021-06-07;28996473;5775641;33485545;3701484
2021-06-08;29089069;5781662;33498584;3702688
2021-06-09;29182532;5787231;33517149;3705942
2021-06-10;29274823;5791714;33531930;3709129
2021-06-11;29359155;5795593;33557081;3711569
2021-06-12;29439989;5799565;33566241;3713480
2021-06-13;29510410;5802538;33571511;3714969
2021-06-14;29570881;5803236;33583297;3715518
2021-06-15;29633105;5806479;33594026;3716170
2021-06-16;29700313;5809543;33605934;3717625
2021-06-17;29762793;5811592;33617697;3718955
2021-06-18;29823546;5814779;33638879;3720031
2021-06-19;29881772;5817403;33647931;3721139
2021-06-20;29935221;5819313;33652887;3721981
2021-06-21;29977861;5819809;33663441;3722327
2021-06-22;30028709;5822022;33674237;3722782
2021-06-23;30082778;5824352;33686902;3723798
2021-06-24;30134445;5826360;33701378;3724806
2021-06-25;30183143;5828348;33725981;3725580
2021-06-26;30233183;5830476;33735350;3726172
2021-06-27;30279331;5832110;33739972;3726710
2021-06-28;30316897;5832628;33753555;3726929
2021-06-29;30362848;5836023;33761032;3727333
2021-06-30;30411634;5837403;33776383;3728141
2021-07-01;30458251;5840067;33791503;3729033
2021-07-02;30502362;5842754;33821260;3729682
2021-07-03;30545433;5845760;33826674;3730353
2021-07-04;30585229;5848365;33830959;3730912
2021-07-05;30619932;5849167;33839861;3731124
2021-07-06;30663665;5852755;33862143;3731564
2021-07-07;30709557;5856838;33882319;3732549
2021-07-08;30752950;5861284;33903184;3733519
2021-07-09;30795716;5865864;33950776;3734468
2021-07-10;30837222;5870560;33960895;3735420
2021-07-11;30874376;5874874;33972642;3736165
2021-07-12;30907282;5876142;34002065;3736489
2021-07-13;30946147;5883100;34028596;3737135
2021-07-14;30987880;5884550;34059721;3738683
2021-07-15;31026829;5895608;34091682;3740325
2021-07-16;31064908;5906543;34169791;3741781
2021-07-17;31106065;5917548;34183893;3743389
2021-07-18;31144229;5930080;34204222;3744681
2021-07-19;31174322;5934273;34253065;3745227
2021-07-20;31216337;5952490;34292791;3746410
2021-07-21;31257720;5974063;34340527;3748613
2021-07-22;31293062;5996163;34397053;3750503
2021-07-23;31332159;6015572;34517855;3752592
2021-07-24;31371901;6041313;34546599;3754511
2021-07-25;31411262;6056555;34574571;3755898
2021-07-26;31440951;6061969;34653943;3756856
2021-07-27;31484605;6089097;34718946;3758401
2021-07-28;31528114;6117020;34792522;3761169
2021-07-29;31572344;6142449;34865067;3764311
2021-07-30;31613993;6166759;35056512;3766765
2021-07-31;31655824;6190621;35100403;3769165
2021-08-01;31695958;6210335;35144972;3771262
2021-08-02;31726507;6218927;35253332;3772109
2021-08-03;31769132;6243225;35351086;3773875
2021-08-04;31812114;6272466;35453532;3777446
2021-08-05;31856757;6299415;35563219;3780985
2021-08-06;31895385;6325146;35815115;3784433
2021-08-07;31934455;6351003;35878120;3787639
2021-08-08;31969954;6371463;35912996;3790766
2021-08-09;31998158;6378681;36072783;3791949
2021-08-10;32036511;6407573;36190584;3794429
2021-08-11;32077706;6440367;36345036;3799425
2021-08-12;32117826;6470038;36489122;3805063
2021-08-13;32156493;6497785;36715928;3810641
2021-08-14;32192576;6522212;36788995;3816285
2021-08-15;32225513;6543481;36835783;3821013
2021-08-16;32250679;6556878;37030138;3823139
2021-08-17;32285857;6582001;37180729;3827051
2021-08-18;32322258;6612028;37348331;3835375
2021-08-19;32358829;6637417;37503551;3843775
2021-08-20;32393286;6660365;37742625;3853055
2021-08-21;32424234;6683078;37834821;3861147
2021-08-22;32449306;6700378;37879024;3868197
2021-08-23;32474773;6708289;38087249;3871865
2021-08-24;32512366;6734203;38241709;3877612
2021-08-25;32558530;6757909;38420691;3889173
2021-08-26;32603188;6777592;38604462;3901799
2021-08-27;32649947;6778049;38843134;3913828
2021-08-28;32695030;6813680;38922023;3924131
2021-08-29;32737939;6827310;38974034;3932547
2021-08-30;32768880;6834998;39203248;3937106
2021-08-31;32810845;6835022;39383209;3942856
2021-09-01;32857937;6868151;39573726;3956387
2021-09-02;32903289;6882305;39752861;3970102
2021-09-03;32945907;6897529;39988305;3984353
2021-09-04;32988673;6910865;40074213;3995188
2021-09-05;33027621;6921275;40137718;4005641
2021-09-06;33058843;6924325;40231457;4010390
2021-09-07;33096718;6938866;40440627;4017116
2021-09-08;33139981;6944797;40617553;4030681
2021-09-09;33174954;6962917;40783971;4046112
2021-09-10;33208330;6972934;41025980;4059081
2021-09-11;33236921;6982683;41115111;4070295
2021-09-12;33264175;6990662;41163463;4077640
2021-09-13;33289579;6992980;41374242;4083151
2021-09-14;33316755;7007436;41519646;4089476
2021-09-15;33347325;7007819;41692899;4101931
2021-09-16;33381728;7022203;41851676;4114856
2021-09-17;33417390;7029959;42062538;4125878
2021-09-18;33448163;7037931;42137511;4134779
2021-09-19;33478419;7043875;42182381;4142116
2021-09-20;33504534;7045422;42354183;4145852
2021-09-21;33531498;7054198;42475921;4150516
2021-09-22;33563421;7061323;42607273;4160970
2021-09-23;33594803;7068630;42736442;4171666
2021-09-24;33624419;7075305;42911208;4181393
2021-09-25;33652745;7080675;42971703;4188604
2021-09-26;33678786;7085607;43026020;4196378
2021-09-27;33697581;7087110;43181966;4199400
2021-09-28;33716451;7094334;43294718;4203571
2021-09-29;33739980;7100572;43416107;4215351
2021-09-30;33766707;7106028;43526493;4227501
2021-10-01;33791061;7111154;43681323;4237619
2021-10-02;33813903;7116415;43729528;4246136
2021-10-03;33834702;7120214;43774306;4252300
2021-10-04;33853048;7121507;43917220;4255388
2021-10-05;33871881;7127454;44012453;4260187
2021-10-06;33894312;7137177;44124626;4271734
2021-10-07;33915569;7142387;44226152;4283378
2021-10-08;33935309;7147186;44357567;4293807
2021-10-09;33953475;7152009;44396394;4302661
2021-10-10;33971607;7156066;44436064;4310273
2021-10-11;33985920;7157206;44532128;4313384
2021-10-12;34001743;7163317;44642734;4318355
2021-10-13;34020730;7164924;44751198;4330258
2021-10-14;34037592;7174580;44838145;4342640
2021-10-15;34053573;7180773;44947624;4354158
2021-10-16;34067719;7185744;44987408;4365107
2021-10-17;34081315;7189566;45019065;4373789
2021-10-18;34094373;7190716;45118016;4377845
2021-10-19;34108996;7196754;45199933;4384616
2021-10-20;34127450;7202840;45291553;4401631
2021-10-21;34143236;7209126;45369634;4417708
2021-10-22;34159562;7215584;45465586;4437280
2021-10-23;34175468;7221941;45498006;4452425
2021-10-24;34189774;7226974;45517175;4466157
2021-10-25;34202202;7228331;45629747;4472730
2021-10-26;34215653;7235100;45696404;4483203
2021-10-27;34231809;7242180;45798967;4506415
2021-10-28;34246157;7248285;45874063;4534452
2021-10-29;34260470;7254779;45969169;4559120
2021-10-30;34273300;7262178;46003464;4580663
2021-10-31;34285814;7268527;46035790;4597550
2021-11-01;34296237;7270410;46149044;4607208
2021-11-02;34308140;7272516;46217792;4618021
2021-11-03;34321025;7282823;46303386;4638419
2021-11-04;34333754;7292220;46384823;4672368
2021-11-05;34344683;7301303;46481681;4709488
2021-11-06;34355509;7310967;46516542;4743490
2021-11-07;34366987;7319526;46553370;4767033
2021-11-08;34377113;7321767;46664120;4782546
2021-11-09;34388579;7334332;46742479;4804378
2021-11-10;34401670;7346277;46837549;4844054
2021-11-11;34414186;7358920;46895193;4894250
2021-11-12;34426036;7362807;47038704;4942890
2021-11-13;34437307;7377483;47082656;4987971
2021-11-14;34447536;7389989;47114568;5021469
2021-11-15;34456401;7393296;47248604;5045076
2021-11-16;34466598;7413180;47335874;5077124
2021-11-17;34478517;7433545;47448721;5129950
2021-11-18;34489623;7453941;47558548;5195321
2021-11-19;34499925;7475211;47685423;5248291
2021-11-20;34510413;7497912;47730784;5312215
2021-11-21;34518901;7517669;47770616;5354942
2021-11-22;34526480;7523008;47915232;5385585
2021-11-23;34535763;7553513;48006577;5430911
2021-11-24;34544882;7586146;48118155;5497795
2021-11-25;34555431;7619656;48157474;5573756
2021-11-26;34563749;7654128;48210894;5650170
2021-11-27;34572523;7691217;48237433;5717295
2021-11-28;34580832;7722804;48280582;5761696
2021-11-29;34587822;7731351;48466874;5791060
2021-11-30;34596776;7778575;48583980;5836813
2021-12-01;34606541;7829045;48721094;5903999
2021-12-02;34615757;7877490;48859944;5977208
2021-12-03;34624360;7927361;49018556;6051560
2021-12-04;34624360;7978825;49084897;6116070
2021-12-05;34641561;8020978;49140081;6158125
2021-12-06;34648383;8032613;49317767;6185961
2021-12-07;34656822;8091667;49431027;6222020
2021-12-08;34666241;8153025;49580939;6291621
2021-12-09;34674643;8209911;49705470;6362232
2021-12-10;34682633;8265076;49863680;6423520
2021-12-11;34690510;8318995;49920268;6477217
2021-12-12;34697860;8362843;49972577;6509863
2021-12-13;34703644;8374944;50158063;6531606
2021-12-14;34710628;8438360;50270884;6562429
2021-12-15;34718602;8504074;50416730;6613730
2021-12-16;34726049;8564979;50558461;6670407
2021-12-17;34726049;8623131;50751114;6721375
2021-12-18;34733194;8681667;50830874;6764188
2021-12-19;34746838;8730140;50920073;6793536
2021-12-20;34752164;8745272;51160114;6809622
2021-12-21;34758481;8818154;51339527;6833050
2021-12-22;34765976;8902466;51583269;6878709
2021-12-23;34772626;8994106;51853029;6923636
2021-12-24;34779815;9088232;52101549;6959067
2021-12-25;34786802;9192843;52188204;6981281
2021-12-26;34793333;9220540;52366591;6991381
2021-12-27;34799691;9251021;52867159;7005289
2021-12-28;34808886;9430829;53229192;7026369
2021-12-29;34822040;9639037;53731299;7066412
2021-12-30;34838804;9845583;54321997;7109182
2021-12-31;34861579;10077783;54835617;7150422
2022-01-01;34889132;10296909;55024381;7176814
2022-01-02;34922882;10355341;55310338;7189329
2022-01-03;34960261;10422830;56355293;7207847
2022-01-04;35018358;10694804;57167511;7238408
2022-01-05;35109286;11027112;57830115;7297320
2022-01-06;35226386;11290010;58665137;7361660
2022-01-07;35368372;11618256;59534897;7417995
2022-01-08;35528004;11921925;59932591;7473884
2022-01-09;35707727;12218022;60417616;7510436
2022-01-10;35875790;12311963;61801513;7535691
2022-01-11;36070510;12680780;62588906;7581381
2022-01-12;36317927;13042665;63437542;7661811
2022-01-13;36582129;13351053;64298885;7743228
2022-01-14;36850962;13680775;65178944;7835451
2022-01-15;37122164;14005385;65587257;7913473
2022-01-16;37380253;14283514;66067059;7965977
2022-01-17;37618271;14386178;66742189;8000122
2022-01-18;37901241;14851448;67871697;8074527
2022-01-19;38218773;15288014;68779821;8186850
2022-01-20;38566027;15715329;69512416;8320386
2022-01-21;38903731;16116748;70353501;8460546
2022-01-22;39237264;16506090;70655998;8596007
2022-01-23;39543328;16807733;71021444;8681447
2022-01-24;39799202;16917220;71943596;8744840
2022-01-25;40085116;17420569;72436678;8871795
2022-01-26;40371500;17848291;73060734;9035795
2022-01-27;40622709;18241888;73566991;9238931
2022-01-28;40858241;18596157;74181062;9429079
2022-01-29;41092522;18928572;74359681;9618245
2022-01-30;41302440;19178039;74557642;9737215
2022-01-31;41469499;19266496;75099882;9815533
2022-02-01;41630885;19681231;75425291;9978146
2022-02-02;41803318;19998301;75754828;10186644
2022-02-03;41952712;20274710;76029630;10422764
2022-02-04;42080664;20517059;76384599;10671602
2022-02-05;42188138;20731613;76471027;10889417
2022-02-06;42272014;20887052;76554503;11022590
2022-02-07;42339611;20935910;76900940;11117857
2022-02-08;42410976;21174600;77115308;11287428
2022-02-09;42478060;21177663;77303713;11521678
2022-02-10;42536137;21511997;77475122;11769540
2022-02-11;42586544;21646561;77684437;12009712
2022-02-12;42631421;21765182;77736302;12219501
2022-02-13;42665534;21851747;77794623;12344661
2022-02-14;42692943;21884370;77964803;12421126
2022-02-15;42723558;21886335;78075973;12580343
2022-02-16;42754315;22130264;78190790;12800315
2022-02-17;42780235;22223882;78292479;13035941
2022-02-18;42802505;22310014;78437649;13255989
2022-02-19;42822473;22386566;78469056;13445094
2022-02-20;42838524;22445580;78492060;13563126
2022-02-21;42851929;22466076;78574948;13636993
2022-02-22;42867031;22563594;78664280;13762895
2022-02-23;42881179;22638153;78749415;13971947
2022-02-24;42894345;22707110;78816485;14188269
2022-02-25;42905844;22765934;78890857;14399012
2022-02-26;42916117;22819557;78938268;14574845
2022-02-27;42924130;22862157;78956488;14682758
2022-02-28;42931045;22877926;79055402;14745107
2022-03-01;42938599;22959368;79102109;14867218
2022-03-02;42945160;23017711;79155510;15053624
2022-03-03;42951556;23079453;79204118;15264297
2022-03-04;42957477;23137902;79255378;15481890
2022-03-05;42962953;23191580;79270298;15674100
2022-03-06;42967315;23236908;79282693;15790989
2022-03-07;42971308;23253235;79346773;15869417
2022-03-08;42975883;23346927;79376527;16026216
2022-03-09;42980067;23417253;79414226;16242070
2022-03-10;42984261;23492815;79460803;16504822
2022-03-11;42987875;23565274;79510512;16757658
2022-03-12;42990991;23635798;79520730;16994744
2022-03-13;42993494;23694834;79531780;17141351
2022-03-14;42996062;23717460;79567164;17233729
2022-03-15;42998938;23834842;79591539;17432617
2022-03-16;43001477;23943801;79637668;17695210
2022-03-17;43004005;24046195;79690840;17990141
2022-03-18;43006080;24143852;79722200;18287986
2022-03-19;43007841;24241956;79733079;18548225
2022-03-20;43009390;24323239;79744530;18680017
2022-03-21;43010971;24347772;79786804;18772331
2022-03-22;43012749;24528957;79811366;18994411
2022-03-23;43014687;24683075;79852379;19278143
2022-03-24;43016372;24823603;79895373;19596530
2022-03-25;43018032;24967222;79941808;19893028
2022-03-26;43019453;25106739;79951242;20145054
2022-03-27;43020723;25216913;79963032;20256278
2022-03-28;43021982;25246720;80002002;20323779
2022-03-29;43023215;25464389;80026183;20561131
2022-03-30;43024440;25633476;80065365;20829608
2022-03-31;43025775;25803173;80110998;21357095
2022-04-01;43027035;25952226;80143215;21357039
2022-04-02;43028131;26084340;80155021;21553495
2022-04-03;43029044;26186606;80159776;21668677
2022-04-04;43029839;26218724;80188680;21668677
2022-04-05;43030925;26428476;80214283;21849074
2022-04-06;43031958;26579448;80255230;22265788
2022-04-07;43033067;26738483;80305865;22441051
2022-04-08;43034217;26887490;80380887;22591726
2022-04-09;43035271;27029271;80393599;22647197
2022-04-10;43036132;27136925;80403130;22677986
2022-04-11;43036928;27162463;80443471;22878428
2022-04-12;43038016;27353225;80479208;23017079
2022-04-13;43039023;27499728;80534594;23182447
2022-04-14;43039972;27637292;80585252;23339311
2022-04-15;43040947;27762686;80620694;23376879
2022-04-16;43042097;27874269;80633029;23416663
2022-04-17;43044280;27960919;80640533;23437145
2022-04-18;43045527;27980729;80701920;23459628
2022-04-19;43047594;28006219;80741179;23658211
2022-04-20;43049974;28162002;80810116;23844536
2022-04-21;43052425;28266009;80871811;24006254
2022-04-22;43054952;28354529;80961863;24141333
2022-04-23;43057545;28435100;80981592;24180512
2022-04-24;43060086;28494054;80995080;24200596
2022-04-25;43060097;28508116;81065282;24337394
2022-04-26;43065496;28605614;81110631;24337394
2022-04-27;43068799;28673411;81200645;24609159
2022-04-28;43072176;28733434;81277998;24710769
2022-04-29;43075864;28786413;81339187;24798067
2022-04-30;43079188;28835895;81363166;24809785
2022-05-01;43082345;28872621;81379868;24813817
2022-05-02;43084913;28881384;81474572;24927339
2022-05-03;43088118;28948497;81524161;25033970
2022-05-04;43091393;28996577;81636184;25130137
2022-05-05;43094938;29040934;81724733;25215210
2022-05-06;43098743;29081169;81853494;25287462
2022-05-07;43102194;29119127;81881314;25295950
2022-05-08;43105401;29148451;81887077;25299300
2022-05-09;43107689;29155815;82017087;25406868
2022-05-10;43110586;29212276;82087331;25503878
2022-05-11;43113413;29252875;82247514;25592839
2022-05-12;43116254;29289023;82361495;25661838
2022-05-13;43119112;29321831;82448868;25723697
2022-05-14;43121599;29352290;82465925;25729848
2022-05-15;43123801;29375134;82498035;25732153
2022-05-16;43125370;29381085;82676743;25818405
2022-05-17;43127199;29424812;82761333;25890456
2022-05-18;43129563;29489304;82965087;25949175
2022-05-19;43131822;29517146;83100241;25998085
2022-05-20;43134145;29541498;83249275;26040460
2022-05-21;43136371;29564005;83276205;26044283
2022-05-22;43138393;29580970;83295787;26045528
2022-05-23;43140068;29551335;83438243;26109965
2022-05-24;43142192;29583616;83521247;26159106
2022-05-25;43144820;29605758;83731296;26198811
2022-05-26;43147530;29626992;83876743;26200663
2022-05-27;43150215;29631816;83984706;26240639
2022-05-28;43153043;29655398;83997388;26243352
2022-05-29;43155749;29671838;84003156;26244107
2022-05-30;43158087;29676522;84064067;26305996
2022-05-31;43160832;29711870;84233849;26360953
2022-06-01;43164544;29738170;84460920;26409455
2022-06-02;43168585;29763546;84582309;26452148
2022-06-03;43172547;29788676;84739368;26493235
2022-06-04;43176817;29813848;84765524;26493235
2022-06-05;43181335;29834390;84779980;26496611
2022-06-06;43185049;29840626;84941110;26498361
2022-06-07;43190282;29852463;85026517;26583016
2022-06-08;43197522;29906452;85224519;26660652
2022-06-09;43205106;29946603;85366434;26738530
2022-06-10;43213435;29946697;85472998;26803867
2022-06-11;43222017;29946603;85506401;26803867
2022-06-12;43230101;29946603;85515831;26809245
2022-06-13;43236695;29946647;85666972;26915085
2022-06-14;43245517;30123426;85759237;27007429
2022-06-15;43257730;30175534;85942237;27096571
2022-06-16;43270577;30228615;86058228;27124689
2022-06-17;43283793;30279240;86216418;27204953
2022-06-18;43296692;30279240;86230982;27204955
2022-06-19;43309473;30279240;86246101;27211896
2022-06-20;43319396;30381221;86297081;27334993
2022-06-21;43331645;30476915;86452232;27454225
2022-06-22;43344958;30555038;86636306;27573585
2022-06-23;43362294;30634890;86757621;27681775
2022-06-24;43378234;30714200;86909716;27771111
2022-06-25;43389973;30714200;86949088;27771112
2022-06-26;43407046;30714200;86967639;27771911
